{
  "project_info": {
    "project_number": "757799529103",
    "firebase_url": "https://thar-vpn-default-rtdb.firebaseio.com",
    "project_id": "thar-vpn",
    "storage_bucket": "thar-vpn.appspot.com"
  },
  "client": [
    {
      "client_info": {
        "mobilesdk_app_id": "1:757799529103:android:f2a4ba894ab69134d41efa",
        "android_client_info": {
          "package_name": "com.toto.vpnapp"
        }
      },
      "oauth_client": [
        {
          "client_id": "757799529103-v5rr325tsqmi072qb10np9ev6b6us7jm.apps.googleusercontent.com",
          "client_type": 3
        }
      ],
      "api_key": [
        {
          "current_key": "AIzaSyCu2R30rHAxD7brMfr5OOD4-t_McRlCpwc"
        }
      ],
      "services": {
        "appinvite_service": {
          "other_platform_oauth_client": [
            {
              "client_id": "757799529103-v5rr325tsqmi072qb10np9ev6b6us7jm.apps.googleusercontent.com",
              "client_type": 3
            }
          ]
        }
      }
    }
  ],
  "configuration_version": "1"
}